n,mae_old,mae_old_std,mae_mixed,mae_mixed_std
100,6.745592949092105,0.8197228262436081,5.182169084644609,0.5262105818700188
250,6.596959059748701,0.2666470355314151,4.987584030438024,0.24096626781648667
500,6.724445430346451,0.48079146269764056,5.113787836905546,0.22999485083169607
1000,6.604002401613805,0.40584508435354677,4.84843769756159,0.25358822571758827
2000,6.535446551989557,0.16006210682477764,4.860936204867594,0.17921002140114292
3000,6.544664708302808,0.11206731503616119,4.633949872714441,0.11185148311746745
5000,6.458283545759971,0.0927254929481037,4.6478086599183115,0.09772329524335983
10000,6.487478182477605,0.11673951031712936,4.630591449884294,0.062298682322373206
15000,6.488140178568374,0.036531117036540744,4.599263688389904,0.031425522740521954
