n,mae_old,mae_old_std,mae_mixed,mae_mixed_std
100,0.06700544227313468,0.006882905317303139,0.06808370027565643,0.007572912340725893
250,0.06920443444926655,0.009784938703140374,0.0600221397652981,0.005838667831971564
500,0.06290443138977202,0.002993613008026382,0.04932954306509961,0.0038129001822677948
1000,0.05865601105027879,0.003944411891263584,0.05194662814405402,0.0027325098718964783
2000,0.05606201557837285,0.006138707793387005,0.04660959632469848,0.0025045444746232613
3000,0.06280230013530388,0.004113355755438334,0.045029973918303476,0.002100365158676367
5000,0.06179962395132375,0.003874607415388954,0.0442168728757215,0.001554667099578876
10000,0.06537785884783234,0.0037745674017762446,0.04404071239547971,0.0010392357922842583
15000,0.06559335238794099,0.002392903722676061,0.043041055284328465,0.0006912110422988391
